Top-level category,Long name,Short name,Common Standard Name,Abbreviation used in ePLANT,Unit,Short definition (140 characters),Long definition,Definition CF 1.6,Standard name (Reference),URL (Standard name),Label
Photosynthesis,Maximum rate of photosynthesis in saturated light per leaf area.,max_photo_A_sat_light_leaf_area,,ASATQ,_mol CO2 m-2 s-1,,"Maximum rate photosynthesis is determined by the slower of two biochemical rates: the carboxylation of RuBP, determined by Rubisco activity (VCMAX); and electron transport for RuBP regeneration in the Calvin cycle (JMAXQ). When only light is saturating, the maximum rate of photosynthesis will be determined by the carboxylation of RuBP (Farquhar et al., 1980). Photosynthesis measured by IRGAs (Infrared Gas Analyzer system) is obtained in an area base. Photosynthesis in a mass base can be normalized to area base by simply dividing AMASS to leaf mass area (LMAQQ). Area based traits reflect surface fluxes such as light harvesting and transactions through surfaces such as carbon assimilation and water transpiration (Wright et al., 2004).",,Smith et al (2009),,"maximum, photosynthesis, saturated light, leaf area"
Photosynthesis,Maximum rate of photosynthesis in saturated light and CO2 per leaf area,max_photo_A_sat_light_CO2_leaf_area,,AMAXQ,_mol CO2 m-2 s-1,,"Maximum rate photosynthesis is determined by the slower of two biochemical rates: the carboxylation of RuBP, determined by Rubisco activity (VCMAX); and electron transport for RuBP regeneration in the Calvin cycle (JMAXQ) (Farquhar et al., 1980). Photosynthesis measured by IRGAs (Infrared Gas Analyzer system) is obtained in an area base. Photosynthesis in a mass base can be normalized to area base by simply dividing AMASS to leaf mass area (LMAQQ). Area based traits reflect surface fluxes such as light harvesting and transactions through surfaces such as carbon assimilation and water transpiration (Wright et al., 2004).",,,,"maximum, photosynthesis, saturated light, leaf area, CO2"
Carboxylation,Maximum rate of carboxylation per leaf area,max_carboxylation_leaf_area,,VCMAX,_mol CO2 m-2 s-1,,"Maximum rate photosynthesis is determined by the slower of two biochemical rates: the carboxylation of RuBP, determined by Rubisco activity (VCMAX); and electron transport for RuBP regeneration in the Calvin cycle (JMAXQ). When light is saturating, the amount of activated Rubisco determines the maximum velocity of carboxylation, VCMAX (Farquhar et al., 1980). VCMAX in an area based is calculated from photosynthesis in an area base. Area based traits reflect surface fluxes such as light harvesting and transactions through surfaces such as carbon assimilation and water transpiration (Wright et al., 2004).",,,,"maximum, leaf area, carboxylation"
Carboxylation,Maximum rate of electron transport per leaf area,max_electron_transport_leaf_area,,JMAXQ,_mol CO2 m-2 s-1,,"Maximum rate photosynthesis is determined by the slower of two biochemical rates: the carboxylation of RuBP, determined by Rubisco activity (VCMAX); and electron transport for RuBP regeneration in the Calvin cycle (JMAXQ). When intercellular CO2 is saturating, the carboxylation capacity is determined by the maximum rate of electron transport, JMAXQ (Farquhar et al., 1980). JMAXQ in an area based is calculated from photosynthesis in an area base. Area based traits reflect surface fluxes such as light harvesting and transactions through surfaces such as carbon assimilation and water transpiration (Wright et al., 2004).",,,,"maximum, electron transport, leaf area"
Carboxylation,Rate of dark respiration per leaf area.,dark_resp_leaf_area,,RDARK,_mol C m-2 s-1,,"Between a quarter and a half of the carbon fixed by plants is released back as CO2 to the atmosphere by leaf respiration on a daily basis. Leaf mitochondrial respiration in the absence of light (Rdark) is a major component of total leaf respiration (Farquhar et al., 1980, Poorter et al., 1990). RDARK in a mass based is calculated from RDARK in an area base. Area based traits reflect surface fluxes such as light harvesting and transactions through surfaces such as carbon assimilation and water transpiration (Wright et al., 2004).",,,,"dark respiration, leaf area"
Photosynthesis,Maximum rate of photosynthesis in saturated light per leaf area at an ambient temperature of 25 degrees Celsius.,max_photo_A_sat_light_leaf_area_25_celsius,,ASA25,umol CO2 m-2 s-1,,"Maximum rate photosynthesis is determined by the slower of two biochemical rates: the carboxylation of RuBP, determined by Rubisco activity (Vcmax); and electron transport for RuBP regeneration in the Calvin cycle (Jmax). When light is saturating, the maximum rate of photosynthesis will be determined by the carboxylation of RuBP (Farquhar et al., 1980). Photosynthesis determined in ambient temperature is standardized to 25 degrees Celsius applying an adapted Arrenius equation (Bernacchi et al., 2009). This standardization reduces biases due to temperature effects. Photosynthesis measured by IRGAs (Infrared Gas Analyzer system) is obtained in an area base. Photosynthesis in a mass base can be normalized to area base by simply dividing AMASS to leaf mass area (LMAQQ). Area based traits reflect surface fluxes such as light harvesting and transactions through surfaces such as carbon assimilation and water transpiration (Wright et al., 2004). ",,,,"maximum, photosynthesis, saturated light, leaf area, temperature"
Photosynthesis,Intercellular to ambient CO2 mole fraction.,ci_ca,,CICAQ,umol mol-1,,"Carbon assimilation rate depends on the CO2 leaf intercellular concentration and the diffusion of atmospheric CO2 into the leaf is mainly regulated by stomatal conductance (Farquhar et al., 1980). Simultaneously, stomatal conductance also permits leaves to transpire. The ratio CICAQ is a parameter to reflect plant strategy to regulate water losses through transpiration and carbon assimilation by photosynthesis (Prentice et al., 2014). ",,,,"intercellular, CO2, mole fraction"
Photosynthesis,Diameter at breast height.,diameter_breast_height_dbh,,DBHQQ,m,,"By convention, stem diameter of trees is usually measured at 130 cm above ground (Cornelissen et al., 2003).",,,,"diameter, breast height"
Isotopes,Carbon isotope _C13 discrimination.,carbon_isotope_delta_13,,DT13C,unitless,,"The main carboxylating enzyme, ribulose-1,5-bisphosphate carboxylase (Rubisco) discriminates against 13C because of the intrinsically lower reactivity of 13C. As carboxylation and leaf CO2 diffusion are integrated, _C13 can be used as a proxy for the ratio of intercellular and atmospheric partial pressures of CO2 (Farquhar et al., 1982).",,,,carbon isotope
Isotopes,Leaf transpiration per leaf area under saturated light.,trans_leaf_area_sat_light,,ETRAN,mmol H20 m-2 s-1,,"Transpiration is the loss of water through stomata. The evaporation of water from the leaves results from the water movement along an individual plant and the force driving it is a chain of differences in water potential from roots, stems and branches, leaves and atmosphere. ETRAN is associated to leaf VPD and both are outputs from leaf gas measurements (Eamus, 2006).",,,,"transpiration, leaf area, saturated light"
Isotopes,Stomatal conductance per leaf area under saturated light.,stomatal_cond_leaf_area_sat_light,,GSSAT,mol m-2 s-1,,"Stomata aperture in leaves is the main process to regulate diffusion of partial pressure of CO2 at the sites of carboxylation and the rate of transpiration. Stomatal conductance is correlated to carbon assimilation by photosynthesis and it is affected by solar radiation, temperature and climatic moisture (Medlyn et al., 2011).",,,,"stomatal conductance, leaf area, saturated light"
Isotopes,Maximum height of the plant.,max_height,,HTMAX,m,,"HTMAX is the potential minimum vertical distance between the plant base at ground level and the upper boundary of photosynthetic tissues (Niklas, 2007). HTMAX is associated with successful competition for light, LAI, potential life span, photosynthesis per unit leaf area, biomass in leaves and trades-off in hydraulic conductance (Falster and Westoby, 2003). ",,,,"maximum, height"
Isotopes,Huber Value,huber_value,,HUBER,m2 m-2,,"Huber value _ the fraction of leaf area to cross-sectional sapwood area. Sapwood cross-sectional area of a stem or branch at any point should scale isometrically with the area of leaves distal to that point. This isometric relationship reflects plant strategies in assimilation revenue and wood supporting costs suggesting links between photosynthesis and transpiration (Tyree and Ewers, 1991).",,,,value
Isotopes,Maximum rate of electron transport per leaf area at an ambient temperature of 25 degrees Celsius.,max_electron_transport_leaf_area_25_celsius,,JMA25,umol CO2 m-2 s-1,,"Maximum rate photosynthesis is determined by the slower of two biochemical rates: the carboxylation of RuBP, determined by Rubisco activity (Vcmax); and electron transport for RuBP regeneration in the Calvin cycle (Jmax). When intercellular CO2 is saturating, the carboxylation capacity is determined by the maximum rate of electron transport, Jmax RuBP (Farquhar et al., 1980). Jmax estimated in ambient temperature is standardized to 25 degrees Celsius applying an adapted Arrenius equation (Bernacchi et al., 2009). This standardization reduces biases due to temperature effects. Jmax in an area based is calculated from photosynthesis in an area base. Area based traits reflect surface fluxes such as light harvesting and transactions through surfaces such as carbon assimilation and water transpiration (Wright et al., 2004). ",,,,"maximum, electron transport, leaf area, temperature"
Isotopes,Leaf area index.,leaf_area_index_LAI_vert_photography,,LAIPH,m2 m-2,,"LAI is defined as the one-sided green leaf area per unit ground area and it can be determined by destructive and non-destructive methods. Non-destructive methods to estimate LAI include hemispherical (LAIPH) and aerial photography and satellite images (LAIST) (Macfarlane et al., 2007). LAI can be relative to one individual or specie or to a whole stand. It is a parameter widely used in different models from intercepting water to estimating gross primary production.",,,,"leaf area, index"
Isotopes,Leaf area index.,leaf_area_index_LAI_aerial,,LAIST,m2 m-2,,"LAI is defined as the one-sided green leaf area per unit ground area and it can be determined by destructive and non-destructive methods. Non-destructive methods to estimate LAI include hemispherical (LAIPH) and aerial photography and satellite images (LAIST) (Macfarlane et al., 2007). LAI can be relative to one individual or specie or to a whole stand. It is a parameter widely used in different models from intercepting water to estimating gross primary production.",,,,"leaf area, index"
Isotopes,Leaf area.,leaf_area,,LAREA,mm-2,,"LAREA is used to obtain leaf mass per area (LMAQQ) or its inverse specific leaf area (SLA). Leaf area combined to other leaf morphologic traits such as thickness, mass, physical strength, phenology and life span is used to investigate carbon and water uses strategies in plants. Most studies harvest young fully expanded and hardened leaves and they should be scanned or measured in the same day of collection. One strategy to conserve the original area is to keep them in dark and moist (Cornelissen et al., 2003) .",,,,leaf area
Isotopes,Plant life form.,life_form,,LFORM,unitless,,"Plants life form is a classification that takes in account plantÍs structural architecture (e.g. tree, shrub, herb, grass, fern, forb, etc). Same species can present different life form as a way to adapt to different environments. ",,,,"plant, life form"
Isotopes,Leaf dry mass.,leaf_dry_mass,,LMASS,g,,"LMASS is used to obtain is used to obtain leaf mass per area (LMAQQ) or its inverse specific leaf area (SLA). LMASS combined to other leaf morphologic traits such as area, thickness, physical strength, phenology and life span is used to investigate carbon and water uses strategies in plants. Dry mass is obtained by desiccating the leaf in the oven at 60oC for at least 72h (or else at 80oC for 48h) (Cornelissen et al., 2003).",,,,"leaf, dry mass"
Isotopes,Leaf dry mass per area.,leaf_dry_mass_per_area,,LMAQQ,mg g-1,,"Leaf Mass per Area (LMAQQ) is obtained by dividing Leaf Area (LAREA) by Dry Mass Content (LMASS) .Its inverse is called Specific Leaf Area (SLA). LMA is a key parameter in trade-offs between plant traits for its high correlation with photosynthetic processes. Combined to other leaf morphologic traits such as thickness, mass, physical strength, phenology and life span is used to investigate carbon and water uses strategies in plants (Wright et al., 2005). Most studies harvest young fully expanded and hardened leaves and they should be weighted, scanned or measured in the same day of collection. One strategy to conserve the original area is to keep them in dark and moist. Dry mass is obtained by desiccating the leaf in the oven at 60oC for at least 72h (or else at 80oC for 48h) (Cornelissen et al., 2003).",,,,"leaf, dry mass, area"
Isotopes,Leaf width dimension.,leaf_width_dim,,LWIDT,mm,,"LWDIT combined to other leaf morphologic traits such as area, thickness, physical strength, phenology and life span is used to investigate carbon and water uses strategies in plants. Most studies harvest young fully expanded and hardened leaves and they should be scanned or measured in the same day of collection. One strategy to conserve the original area is to keep them in dark and moist (Cornelissen et al., 2003).",,,,"leaf, width"
Isotopes,Midday leaf water potential.,midday_leaf_water_potential,,MDPSI,MPa,,"Water potential quantifies the energy available to move water from one area to other by gravity, osmosis or other free energy. Water moves from areas of high to low water potential. During the day, the concentration of water vapour inside the sub-stomatal cavity is much larger than that in the atmosphere and water vapour diffuses (transpiration). Midday is an approximation that reflects the higher leaf water potential gradient in a day (Eamus, 2006).",,,,"leaf, water potential"
Isotopes,Nitrogen content per leaf dry mass.,Nitrogen_N_mass,,NMASS,mg g-1,,"Nitrogen is a key nutrient for carbon fixation in plants. Most leaf nitrogen is found in the protein Rubisco that drives the photosynthetic process. N is usually measured in concentration but it can be transformed from an area base to mass base by simply dividing NAREA to leaf mass area (LMAQQ). Mass based traits reflect plant revenues and expenditures per unit investment (Wright et al., 2003, Wright et al., 2004).",,,,"nitrogen, leaf, dry mass"
Isotopes,Pre-dawn leaf water potential that is equivalent to soil water potential.  ,pre_dawn_leaf_water_potential,,PDPSI,MPa,,"Water potential quantifies the energy available to move water from one area to other by gravity, osmosis or other free energy. Water moves from areas of high to low water potential. During the day, the concentration of water vapour inside the sub-stomatal cavity is much larger than that in the atmosphere and water vapour diffuses (transpiration). Overnight, the sub-stomatal cavity equilibrates with the atmosphere (relative humidity at least 99.8%). As the soil profile dries out, pre-dawn water potential will decline in parallel (Eamus, 2006).",,,,"pre-dawn, leaf, water potential, soil water potential"
Isotopes,Plant light-use efficiency,light_use_efficiency,,PLLUE,unitless,,"The ratio of total photosynthesis to absorbed PAR by the leaf. PLLUE is used in studies in the framework of plant economic budgets for carbon and radiation. The term ñefficiencyî suggests plants tend to maximize carbon gain towards an optimum assimilation-costs budget. High PLLUE expresses efficient light sequestration and investment; low PLLUE indicates that less light is converted to biomass. Plant use efficiency for carbon, light, nitrogen and water are parameters combined to access plants inputs in biomass production process (Haxeltine and Prentice, 1996).",,,,light-use efficiency
Isotopes,Phosphorous content per leaf dry mass.,Phosphorus_P_mass,,PMASS,mg g-1,,"Photosynthetic gain per unit leaf nitrogen is expected to be low in species inhabiting low-P soil sites. Leaf P, roots P and soil P are broadly correlated. As a result, the ratio N:P is frequently used in traits studies. P is usually measured in concentration but it can be transformed from an area base to mass base by simply dividing PAREA to leaf mass area (LMA). Mass based traits reflect plant revenues and expenditures per unit investment (Wright et al., 2003, Wright et al., 2004, Reich, 2014).",,,,"phosphorous, leaf, dry mass"
Photosynthesis,"Biochemistry of the plant - photosyntheic pathway (e.g. C3, C3, CAM).  ",biochemistry_pathway,,PPATH,unitless,,"Carbon is fixed in most plants by a biochemical process denominated C3 photosynthetic pathway. CO2 has to diffuse from the intercellular spaces to sites of carboxylation in the chloroplast and the fixation product in the calvin cycle is the 3-carbon compound 3-phosphoglycerate. In C4 species the CO2 fixation in the mesophyll cells is the 4-carbon compound oxaloacetate. This carbon is transported to the bundle-sheath cells via malate or aspartate and carbohydrates can be generated by the C3 pathway. C4 plants tend to have competitive advantage over C3 plants when light is abundant and temperatures high. However, C4 energy (ATP) requirements to ñpumpîCO2 are costly. In the Crassulacean acid metabolism (CAM), plants close stomata during the day to reduce transpiration and open at night to diffuse CO2. CAM calvin cycle site is in the chloroplast. CAM photosynthesis is advantageous in arid and very dry habitats. In C4 and CAM plants photorespiration is reduced, as Rubisco is more efficient in carbon fixation when competing with oxygen fixation (Atwell et al., 1999, von Caemmerer and Furbank, 2003).",,,,"photosynthesis, pathway, c3, c4, cam"
Photosynthesis,Leaf level quantum yield.,quantum_yeld,,QTYLD,umol mol-1,,"Carbon assimilation is influenced by incident irradiance and CO2 leaf partial pressure. The quantum yield refers to the efficiency of photosynthetic utilization of light energy carried by a proton.  Here is defined as the initial slope of the relationship between carbon assimilation rate and irradiance in a given CO2 leaf partial pressure (Farquhar et al., 1980).",,,,"leaf, quantum yield"
Photosynthesis,Rate of dark respiration per leaf area at an ambient temperature of 25 degrees Celsius.,dark_resp_leaf_area_25_celsius,,RDA25,umol C m-2 s-1,,"Between a quarter and a half of the carbon fixed by plants is released back as CO2 to the atmosphere by leaf respiration on a daily basis. Leaf mitochondrial respiration in the absence of light (Rdark) is a major component of total leaf respiration (Farquhar et al., 1980, Poorter et al., 1990). Rdark estimated in ambient temperature is standardized to 25 degrees Celsius applying an adapted Arrenius equation (Bernacchi et al., 2009). This standardization reduces biases due to temperature effects. Vcmax in an area based is calculated from photosynthesis in an area base. Area based traits reflect surface fluxes such as light harvesting and transactions through surfaces such as carbon assimilation and water transpiration (Wright et al., 2004). ",,,,"dark respiration, leaf area, temperature"
Biomass,Total root biomass per ground area.,total_root_biomass_ground_area,,ROOTM,g m-2,,"Root biomass together with litterfall is the most important input of organic carbon to the soil. Belowground carbon mass and net primary production is more than twice aboveground. Investment in large roots follows the investment in fine root. Large roots are the biggest structural investment in most plants. Fine roots are associated to uptake of water and essential nutrients (Jackson et al., 1996).",,,,"root, biomass, ground area"
Biomass,Fine root radius.,fine_foot_radius,,ROOTR,mm,,"Fine root radius is associated to uptake of water and essential nutrients. Individual plants can rapidly adjust their fine root system to compete in zones where limiting nutrients are made available. Fine roots are a more accurate indicator of root function than large roots. Carbon allocation increases to fine root radius when water and nutrients are a limiting factor to plant growth (Pregitzer et al., 2002).",,,,"root, radius"
Biomass,Plant rooting depth.,root_depth,,ROOTZ,m,,"Plants with deep roots are expected to be well adapted to droughts and arid conditions. Deep roots are more frequently associated with plant water uptake but they can also affect the above ground carbon partitioning (investments in structural or photosynthetic tissues) and nutrient uptake (Canadell et al., 1996, Wang and Smith, 2004).",,,,"root, depth"
Biomass,Plant hydraulic resistance to the transport of water.,hydraulic_resist,,RPLNT,MPA s m2 mmol-1,,"Plant hydraulic resistance is associated to leaf; stem and roots water potential. There is a time lag between water uptake by roots and transpiration from roots to leaves because of the resistance of the water flow. There is resistance to water movement by gravity, around soil particles, within membranes and cell walls in roots, inside the xylem by the frictional drag of cell walls and within the leaves because of membranes and cell walls. Hydraulic resistance is also associated to hydraulic architecture and plant height (Eamus, 2006).",,,,"hydraulic resistance, water transport"
Biomass,Plant root resistance to the transport of water.,root_resist,,RROOT,MPA s m2 mmol-1,,"Root resistance is associated to plant water potential. About half hydraulic resistance to movement of water is belowground. Soil resistance tends not to be large in moist soils and resistance to water flow occurs principally in the root. However, as the soil dries, its hydraulic conductance (the opposite of resistance) reduces and resistance in all parts of the plant will increase reducing transpiration and ultimately carbon assimilation (Eamus, 2006).",,,,"root, resistance, water transport"
Biomass,Soils resistance in close proximity to roots.,soil_resist_close_root,,RSOIL,MPA s m2 mmol-1,,"Soil resistance is associated to plant water potential. About half hydraulic resistance to movement of water is belowground. Soil resistance tends not to be large in moist soils and resistance to water flow occurs principally in the root. However, as the soil dries, its hydraulic conductance (the opposite of resistance) reduces and resistance in all parts of the plant will increase reducing transpiration and ultimately carbon assimilation (Eamus, 2006).",,,,"soil, resistance, root"
Biomass,Sapwood area.,sapwood_area,,SAREA,m-2,,"Cross-sectional sapwood (or xylem) area is used as a proxy of plantÍs stem or branch water conducting tissue although the conducting parts are mostly vessels in angiosperms and traqueids in gimnosperms. When measured, the stem or branch total area is subtracted from bark and pith or heartwood. Cross-sectional sapwood area is expected to scale isometrically with the supplied leaf area in any part of the plant (pipe model theory) (Tyree and Ewers, 1991). ",,,,"sapwood, area"
Biomass,Soil nutrient percentage of carbon.,soil_carbon,,SOILC,%,,Soil is one of the biggest sinks of carbon playing a key role in the carbon cycle. Organic carbon in soil is build-up from inputs of new plant and animal material and outputs of constant losses in decomposition separating mineral nutrients and gases. Organic matter is associated to soil fertility (http://www.csiro.au/Outcomes/Environment/Australian-Landscapes/soil-carbon.aspx).,,,,"soil, nutrient, percentage, carbon"
Biomass,Soil nutrient percentage of nitrogen.,soil_nitrogen_N,,SOILN,%,,"Soil nitrogen is associated to photosynthesis. Nitrogen is a key nutrient for carbon fixation in plants and it is found in the protein Rubisco that drives the photosynthetic process (Evans, 1989). N inputs to the soil are mineral fertilization, wet and dry deposition, biological fixation and sedimentation. N outputs to the soil are aboveground plant N, leaching, denitrification and erosion (Vitousek et al., 1997). ",,,,"soil, nutrient, percentage, nitrogen"
Biomass,Soil nutrient level of phosphate.,soil_phosphorus_P,,SOILP,ppm,,"Phosphate is the natural occurrence of the element phosphorus. Phosphorus-based compounds are solid at atmospheric temperatures and not available for atmosphere cycling. Because of this limitation in its cycle there is a tendency of P reduction in most non-treated soils as a result of slow run-off. P is important to photosynthesis as it is necessary for electron transport and ATP regeneration in the oxidative phosphorylation (Atwell et al., 1999). Leaf P, roots P and soil P are broadly correlated (Schreeg et al., 2014).",,,,"soil, nutrient, phosphate"
Photosynthesis,Photosynthetic light-response curvature.,photo_light_curvature,,THETA,unitless,,"THETA is the curvature of a non-rectangular hyperbola response of photosynthesis to light and it can be measured and described by equations but hardly predicted. It is a function of photosynthetic rate, absorbed irradiance, maximum quantum yield and photosynthetic maximum capacity (Égren and Evans, 1993).",,,,"label = key words for meta (Diver) search funtion e.g. leaf area, photosynthesis, maximum, CO2, Nitrogen"
Photosynthesis,Leaf surface temperature.,leaf_temp,,TLEAF,oC,,"Leaf photosynthetic processes are highly dependent on temperature. Temperature dependence is widely incorporated into vegetation_climate models, and its effects on leaf carbon budget are a major constraint on plant productivity. Plants tend to acclimate to temperature regulating their photosynthetic thermal optimum to the prevailing thermal regime (Lin et al., 2013).",,,,"label = key words for meta (Diver) search funtion e.g. leaf area, photosynthesis, maximum, CO2, Nitrogen"
Photosynthesis,Maximum rate of carboxylation per leaf area at an ambient temperature of 25 degrees Celsius.,max_carboxylation_leaf_area_25_celsius,,VCM25,umol CO2 m-2 s-1,,"Maximum rate photosynthesis is determined by the slower of two biochemical rates: the carboxylation of RuBP, determined by Rubisco activity (Vcmax); and electron transport for RuBP regeneration in the Calvin cycle (Jmax). When light is saturating, the amount of activated Rubisco determines the maximum velocity of carboxylation, Vcmax (Farquhar et al., 1980).Vcmax estimated in ambient temperature is standardized to 25 degrees Celsius applying an adapted Arrenius equation (Bernacchi et al., 2009). This standardization reduces biases due to temperature effects. Vcmax in an area based is calculated from photosynthesis in an area base. Area based traits reflect surface fluxes such as light harvesting and transactions through surfaces such as carbon assimilation and water transpiration (Wright et al., 2004). ",,,,"label = key words for meta (Diver) search funtion e.g. leaf area, photosynthesis, maximum, CO2, Nitrogen"
Photosynthesis,Maximum rate of PEP regeneration per leaf area at an ambient temperature of 25 degrees Celsius.,max_PEP_leaf_area_25_celsius,,VPA25,umol CO2 m-2 s-1,,"PEP carboxylase is the enzyme that fixes carbon in the compound oxaloacetate for C3 and CAM plants. PEP carboxylase efficiency is estimated by the initial slope of the response of photosynthesis to partial intercellular CO2 concentration (Von Caemmerer, 2000). The maximum rate photosynthesis is determined by the slower of two biochemical rates: the carboxylation of RuBP, determined by Rubisco activity (Vcmax); and electron transport for RuBP regeneration in the Calvin cycle (Jmax). When light is saturating, the maximum rate of photosynthesis will be determined by the carboxylation of RuBP (Farquhar et al., 1980). Photosynthesis determined in ambient temperature is standardized to 25 degrees Celsius applying an adapted Arrenius equation (Bernacchi et al., 2009). This standardization reduces biases due to temperature effects. Photosynthesis measured by IRGAs (Infrared Gas Analyzer system) is obtained in an area base. Photosynthesis in a mass base can be normalized to area base by simply dividing AMASS to leaf mass area (LMAQQ). Area based traits reflect surface fluxes such as light harvesting and transactions through surfaces such as carbon assimilation and water transpiration (Wright et al., 2004). ",,,,"label = key words for meta (Diver) search funtion e.g. leaf area, photosynthesis, maximum, CO2, Nitrogen"
Photosynthesis,Woody density.,wood_dens,,WDENS,m3 g,,"Wood density is the dry mass of a section of a plantÍs stem divided by the dry wood volume of the same section. In broad terms, wood density is related to structural strength, plant life spam, plant height, trades-off with growth rate and stem defences against pathogens, herbivores and physical damage. In combination with plant size traits is important aboveground carbon storage (Cornelissen et al., 2003).",,,,"label = key words for meta (Diver) search funtion e.g. leaf area, photosynthesis, maximum, CO2, Nitrogen"
Photosynthesis,Fresh Woody density.,wood_dens_fresh,,WDENF,m3 g,,"Wood density is the fresh mass of a section of a plantÍs stem divided by the fresh volume of the same section. In broad terms, wood density is related to structural strength, plant life spam, plant height, trades-off with growth rate and stem defences against pathogens, herbivores and physical damage. In combination with plant size traits is important aboveground carbon storage (Cornelissen et al., 2003).",,,,"label = key words for meta (Diver) search funtion e.g. leaf area, photosynthesis, maximum, CO2, Nitrogen"
Photosynthesis,NA,reference_CO2_CO2R,,CO2R,_mol mol-1,,Measured variable.  Carbon Dioxide Concentration used as reference to define the sample CO2. Measurements of photosynthesis are based on the differences in CO2 in an air stream that is flowing through the leaf cuvette,,,,"label = key words for meta (Diver) search funtion e.g. leaf area, photosynthesis, maximum, CO2, Nitrogen"
Photosynthesis,NA,sample_CO2_CO2S,,CO2S,_mol mol-1,,Measured variable.  Carbon Dioxide Concentration measured inside the IRGA chamber. Measurements of photosynthesis are based on the differences in CO2 in an air stream that is flowing through the leaf cuvette,,,,"label = key words for meta (Diver) search funtion e.g. leaf area, photosynthesis, maximum, CO2, Nitrogen"
Photosynthesis,NA,CO2_difference,,_CO2,_mol mol-1,,sample_CO2 minus reference_CO2,,,,"label = key words for meta (Diver) search funtion e.g. leaf area, photosynthesis, maximum, CO2, Nitrogen"
Photosynthesis,NA,reference_H2O_H2OR,,H2OR,mmol mol-1,,Measured variable.  Water Concentration in air used as reference to define the sample H20. Measurements of transpiration are based on the differences in H2O in an air stream that is flowing through the leaf cuvette,,,,"label = key words for meta (Diver) search funtion e.g. leaf area, photosynthesis, maximum, CO2, Nitrogen"
Photosynthesis,NA,sample_H2O_H2OR,,H2OR,mmol mol-1,,Measured variable.  Water Concentration in air measured inside the IRGA chamber. Measurements of transpiration are based on the differences in H2O in an air stream that is flowing through the leaf cuvette,,,,"label = key words for meta (Diver) search funtion e.g. leaf area, photosynthesis, maximum, CO2, Nitrogen"
Photosynthesis,NA,H2O_difference,,_H2O,mmol mol-1,,sample_H2O minus reference_H2O,,,,"label = key words for meta (Diver) search funtion e.g. leaf area, photosynthesis, maximum, CO2, Nitrogen"
Photosynthesis,NA,flow,,Flow,_mol s-1,,"Measured variable, relates to flow rate. The LI-6400 is an open system, which means that measurements of photosynthesis and transpiration are based on the differences in reference_CO2 and sample_CO2; and reference_H2O and sample_H2O in an air stream that is flowing through the leaf cuvette",,,,"label = key words for meta (Diver) search funtion e.g. leaf area, photosynthesis, maximum, CO2, Nitrogen"
Temperature,NA,block_temp_tblk,,Tblk,ÁC,,Measured variable. Temperature of the metal block containing the optical path of the IRGA is measured with a linearized thermistor.,,,,"label = key words for meta (Diver) search funtion e.g. leaf area, photosynthesis, maximum, CO2, Nitrogen"
Temperature,NA,air_temp_tair,,Tair,ÁC,,Measured variable. Air temperature is computed from the signal of a linearized thermistor located just beneath the circulation fan in the sample IRGA.,,,,"label = key words for meta (Diver) search funtion e.g. leaf area, photosynthesis, maximum, CO2, Nitrogen"
Temperature,NA,leaf_temp_tleaf,,Tleaf,ÁC,,"Measured variable. Leaf temperature is measured with a chromel-constantan thermocouple junction. The reference junction is the IRGA block, whose temperature is known. ",,,,"label = key words for meta (Diver) search funtion e.g. leaf area, photosynthesis, maximum, CO2, Nitrogen"
Pressure,NA,atm_press,,Press,kPa,,Measured variable. Atmospheric pressure is measured with a transducer located in the console of the LI-6400.,,,,"label = key words for meta (Diver) search funtion e.g. leaf area, photosynthesis, maximum, CO2, Nitrogen"
Pressure,NA,chamber_PAR_in,,PARi,_mol m-2 s-1,,Measured variable. The in-chamber PAR sensor is a GaAsP sensor located in the top of the standard chamber.,,,,"label = key words for meta (Diver) search funtion e.g. leaf area, photosynthesis, maximum, CO2, Nitrogen"
Pressure,NA,external_PAR_out,,PARo,_mol m-2 s-1,,Measured variable. The optional external quantum sensor is a LI-COR LI-190 Quantum Sensor.,,,,"label = key words for meta (Diver) search funtion e.g. leaf area, photosynthesis, maximum, CO2, Nitrogen"
Pressure,NA,reference_RH,,RH_R,%,,Computed variable. Relative humidity is the ratio of vapour pressure to saturation vapour pressure; used as reference to define the sample RH,,,,"label = key words for meta (Diver) search funtion e.g. leaf area, photosynthesis, maximum, CO2, Nitrogen"
Pressure,NA,sample_RH,,RH_S,%,,Computed variable. Relative humidity is the ratio of vapour pressure to saturation vapour pressure.,,,,"label = key words for meta (Diver) search funtion e.g. leaf area, photosynthesis, maximum, CO2, Nitrogen"
Pressure,NA,reference_dew_point_in,,TdR,ÁC,,"Computed variable. Dewpoint temperature, the temperature at which condensation will occur, in the reference cell",,,,"label = key words for meta (Diver) search funtion e.g. leaf area, photosynthesis, maximum, CO2, Nitrogen"
Pressure,NA,sample_dew_point_out,,TdS,ÁC,,"Computed variable. Dewpoint temperature, the temperature at which condensation will occur, in the sample cell",,,,"label = key words for meta (Diver) search funtion e.g. leaf area, photosynthesis, maximum, CO2, Nitrogen"
Pressure,NA,slope_as_function_of_area,,BLCslope,dimensionless,,"Computed variable. One-sided boundary layer conductance to water vapour is computed from a function of leaf area, the slope and offset of boundary layer to water vapour.",,,,"label = key words for meta (Diver) search funtion e.g. leaf area, photosynthesis, maximum, CO2, Nitrogen"
Pressure,NA,offset_as_function_of_area,,BLCoffst,dimensionless,,"Computed variable. One-sided boundary layer conductance to water vapour is computed from a function of leaf area, the slope and offset of boundary layer to water vapour.",,,,"label = key words for meta (Diver) search funtion e.g. leaf area, photosynthesis, maximum, CO2, Nitrogen"
Pressure,NA,real_time_clock,,HHMMSS,HH:MM:SS,,Time of day is shown as an 8 character string containing HH:MM:SS on a 24 hour basis.,,,,"label = key words for meta (Diver) search funtion e.g. leaf area, photosynthesis, maximum, CO2, Nitrogen"
Pressure,NA,in_chamber_leaf_area,,Area,cm2,,Area occupied by the leaf in the chamber. Maximum = 6 cm2,,,,"label = key words for meta (Diver) search funtion e.g. leaf area, photosynthesis, maximum, CO2, Nitrogen"
Pressure,NA,obs,,Obs,dimensionless,,The number of observations that have been stored since the log file was last opened.,,,,"label = key words for meta (Diver) search funtion e.g. leaf area, photosynthesis, maximum, CO2, Nitrogen"
Pressure,NA,time_since_logging_started,,Ftime,seconds,,Time since logging started,,,,"label = key words for meta (Diver) search funtion e.g. leaf area, photosynthesis, maximum, CO2, Nitrogen"
Pressure,NA,open_version,,------,NA,,LICOR system version,,,,"label = key words for meta (Diver) search funtion e.g. leaf area, photosynthesis, maximum, CO2, Nitrogen"
Pressure,NA,oxygen_concentration,,Oxygen%,%,,Measured variable. Part of CO2 band broadening correction.,,,,"label = key words for meta (Diver) search funtion e.g. leaf area, photosynthesis, maximum, CO2, Nitrogen"
Pressure,NA,do_energy_balance,,Ebal?,dimensionless,,The system constant Ebal? controls whether or not an energy balance computation is done.,,,,"label = key words for meta (Diver) search funtion e.g. leaf area, photosynthesis, maximum, CO2, Nitrogen"
Pressure,NA,boundary_layer_cond,,BLCond,mol m-2 s-1,,Computed variable. Total boundary layer conductance for the leaf (includes stomatal ratio),,,,"label = key words for meta (Diver) search funtion e.g. leaf area, photosynthesis, maximum, CO2, Nitrogen"
Pressure,NA,stomatal_ratio,,StmRat,dimensionless,,Estimate of the ratio of stomatal conductance of one side of the leaf to the other,,,,"label = key words for meta (Diver) search funtion e.g. leaf area, photosynthesis, maximum, CO2, Nitrogen"
Pressure,NA,Photo_A,,Photo,_mol CO2 m-2 s-1,,Computed variable. Photosynthetic rate. The mass balance of CO2 in an open system. The equation is essentially derived from von Caemmerer and Farquhar 1981.,,,,"label = key words for meta (Diver) search funtion e.g. leaf area, photosynthesis, maximum, CO2, Nitrogen"
Pressure,NA,Cond_gs,,Cond,mol H2O m-2 s-1,,Computed variable. Conductance to H20. The stomatal conductance to water vapour is obtained from the total conductance by removing the contribution from the boundary layer. The equation is essentially derived from von Caemmerer and Farquhar 1981.,,,,"label = key words for meta (Diver) search funtion e.g. leaf area, photosynthesis, maximum, CO2, Nitrogen"
Pressure,NA,intercellular_CO2_ci,,Ci,_mol CO2 mol-1,,Computed variable. Intercellular CO2 concentration. The equation is essentially derived from von Caemmerer and Farquhar 1981.,,,,"label = key words for meta (Diver) search funtion e.g. leaf area, photosynthesis, maximum, CO2, Nitrogen"
Pressure,NA,trans_trmmol,,Trmmol,mmol H2O m-2 s-1,,Computed variable. Transpiration rate. The mass balance of water vapour in an open system. The equation is essentially derived from von Caemmerer and Farquhar 1981.,,,,"label = key words for meta (Diver) search funtion e.g. leaf area, photosynthesis, maximum, CO2, Nitrogen"
Pressure,NA,leaf_vpd_vpdl,,VpdL,kPa,,Computed variable. Vapour pressure deficit based on Leaf temperature. This is the difference in vapour pressure between leaf and what is actually in the air.,,,,"label = key words for meta (Diver) search funtion e.g. leaf area, photosynthesis, maximum, CO2, Nitrogen"
Pressure,NA,air_vpd_vpda,,VpdA,kPa,,Computed variable. Vapour pressure deficit based on chamber air temperature. This is the difference in vapour pressure between chamber air and what is actually in the air.,,,,"label = key words for meta (Diver) search funtion e.g. leaf area, photosynthesis, maximum, CO2, Nitrogen"
Pressure,NA,comp_leaf_temp,,Tleaf,ÁC,,Computed leaf temp. Same as Tleaf unless doing energy balance.,,,,"label = key words for meta (Diver) search funtion e.g. leaf area, photosynthesis, maximum, CO2, Nitrogen"
Pressure,NA,one_sided_boundary_layer_cond,,BLC_1,mol m-2 s-1,,Computed variable.  One sided BL cond.,,,,"label = key words for meta (Diver) search funtion e.g. leaf area, photosynthesis, maximum, CO2, Nitrogen"
Pressure,NA,sample_CO2_offset,,CsMch,_mol mol-1,,Computed variable.  Sample CO2 offset.,,,,"label = key words for meta (Diver) search funtion e.g. leaf area, photosynthesis, maximum, CO2, Nitrogen"
Pressure,NA,sample_H2O_offset,,HsMch,mmol mol-1,,Computed variable.  Sample H2O offset.,,,,"label = key words for meta (Diver) search funtion e.g. leaf area, photosynthesis, maximum, CO2, Nitrogen"
Pressure,NA,reference_CO2_offset,,CrMch,_mol mol-1,,Computed variable.  Reference CO2 offset.,,,,"label = key words for meta (Diver) search funtion e.g. leaf area, photosynthesis, maximum, CO2, Nitrogen"
Pressure,NA,reference_H2O_offset,,HrMch,mmol mol-1,,Computed variable.  Reference H2O offset.,,,,"label = key words for meta (Diver) search funtion e.g. leaf area, photosynthesis, maximum, CO2, Nitrogen"
Pressure,NA,stable_F,,StableF,dimensionless,,"Numerical value for Stable (stability). Shows the fraction of he number of stable variables (CO2S, H2OS, Flow) (e.g. Stable 1/3; 2/3; 3/3).",,,,"label = key words for meta (Diver) search funtion e.g. leaf area, photosynthesis, maximum, CO2, Nitrogen"
Pressure,NA,f_parin,,f_parin,dimensionless,,Constant. Fraction of PARi to use for EB (energy balance).,,,,"label = key words for meta (Diver) search funtion e.g. leaf area, photosynthesis, maximum, CO2, Nitrogen"
Pressure,NA,f_parout,,f_parout,dimensionless,,Constant. Fraction of PARo to use for EB (energy balance),,,,"label = key words for meta (Diver) search funtion e.g. leaf area, photosynthesis, maximum, CO2, Nitrogen"
Pressure,NA,alphak,,alphaK,dimensionless,,Constant. Radiation conversion factors times absorption coefficients. Used in the conversion of _mol mol-1 to W m-2. Used for EB (energy balance).,,,,"label = key words for meta (Diver) search funtion e.g. leaf area, photosynthesis, maximum, CO2, Nitrogen"
Pressure,NA,status,,Status,dimensionless,,"This is a six digit numerical composite of the status flags. ñCHPWMFî is respectively: CO2 IRGAs; H2O IRGAs; Pump; Flow Control; CO2 Mixer; Chamber Fan. Number (1) means OK, number (0) means OFF, other numbers have variable meanings.",,,,"label = key words for meta (Diver) search funtion e.g. leaf area, photosynthesis, maximum, CO2, Nitrogen"
Pressure,NA,fda,,fda,_mol mm-2 s-1,,Computed variable. Ratio of Flow per area with units conversion,,,,"label = key words for meta (Diver) search funtion e.g. leaf area, photosynthesis, maximum, CO2, Nitrogen"
Pressure,NA,trans,,Trans,mol H2O m-2 s-1,,Computed variable. Transpiration rate. The mass balance of water vapour in an open system. The equation is essentially derived from von Caemmerer and Farquhar 1981.,,,,"label = key words for meta (Diver) search funtion e.g. leaf area, photosynthesis, maximum, CO2, Nitrogen"
Temperature,NA,leaf_temp_kelvin,,Tair_K,K,,"Measured variable. Leaf temperature is measured with a chromel-constantan thermocouple junction. The reference junction is the IRGA block, whose temperature is known.",,,,"label = key words for meta (Diver) search funtion e.g. leaf area, photosynthesis, maximum, CO2, Nitrogen"
Temperature,NA,air_temp_kelvin_twall_k,,Twall_K,K,,Measured variable. Air temperature is computed from the signal of a linearized thermistor located just beneath the circulation fan in the sample IRGA.,,,,"label = key words for meta (Diver) search funtion e.g. leaf area, photosynthesis, maximum, CO2, Nitrogen"
Temperature,NA,R_w_m2,,R(W/m2),W m-2,,Computed variable. Incoming radiation. PARi corrected by f_parin summed to PARo corrected by f_parout times alphaK.,,,,"label = key words for meta (Diver) search funtion e.g. leaf area, photosynthesis, maximum, CO2, Nitrogen"
Temperature,NA,energy_balance_delta_t_tl_ta,,Tl-Ta,ÁC,,Computed variable. Energy balance delta t. Delta t is used in EB (energy balance) and computes the leaf-air temperature difference.,,,,"label = key words for meta (Diver) search funtion e.g. leaf area, photosynthesis, maximum, CO2, Nitrogen"
Temperature,NA,leaf_temp_energy_balance_ctleaf,,CTleaf,ÁC,,Computed leaf temp. Same as Tleaf unless doing energy balance.,,,,"label = key words for meta (Diver) search funtion e.g. leaf area, photosynthesis, maximum, CO2, Nitrogen"
Temperature,NA,saturation_vapour_pressure_of_leaf_temp_svtleaf,,SVTleaf,kPa,,Computed variable. Saturation Vapour Pressure of leaf temperature (Tleaf),,,,"label = key words for meta (Diver) search funtion e.g. leaf area, photosynthesis, maximum, CO2, Nitrogen"
Temperature,NA,intercellular_H2O_h2o_i,,h2o_i,mol H2O mol-1,,Computed variable. Intercellular H2O concentration.,,,,"label = key words for meta (Diver) search funtion e.g. leaf area, photosynthesis, maximum, CO2, Nitrogen"
Temperature,NA,difference_intercellular_sample_H20_H2OS_h20diff,,h20diff,mmol mol-1,,Computed variable. Difference between Interecellular H2O and sample H2O.,,,,"label = key words for meta (Diver) search funtion e.g. leaf area, photosynthesis, maximum, CO2, Nitrogen"
Temperature,NA,chamber_air_temp_energy_balance,,CTair,ÁC,,Computed chamber air temp. Same as Tair unless doing energy balance.,,,,"label = key words for meta (Diver) search funtion e.g. leaf area, photosynthesis, maximum, CO2, Nitrogen"
Temperature,NA,saturation_vapour_pressure_of_chamber_air_temp_svtair,,SVTair,kPa,,Computed variable. Saturation Vapour Pressure of air temperature in the chamber (Tair),,,,"label = key words for meta (Diver) search funtion e.g. leaf area, photosynthesis, maximum, CO2, Nitrogen"
Temperature,NA,total_cond_gs_cndtotal,,CndTotal,mol H2O m-2 s-1,,Computed variable. Conductance to H20. The total conductance to water vapour is obtained from the stomatal conductance and from the contribution of the boundary layer. ,,,,"label = key words for meta (Diver) search funtion e.g. leaf area, photosynthesis, maximum, CO2, Nitrogen"
Temperature,NA,vp_kPa,,Vp_kPa,kPa,,Computed variable. Vapour pressure chamber air: H2OS times Press with units conversion ,,,,"label = key words for meta (Diver) search funtion e.g. leaf area, photosynthesis, maximum, CO2, Nitrogen"
Temperature,NA,total_cond_to_CO2_gs_cndco2,,CndCO2,mol H2O m-2 s-1,,Computed variable. Total conductance to CO2. Input to calculate intercellular CO2.,,,,"label = key words for meta (Diver) search funtion e.g. leaf area, photosynthesis, maximum, CO2, Nitrogen"
Temperature,NA,ci_Pa,,Ci_pa,Pa,,Computed variable. Intercellular CO2 concentration. The equation is essentially derived from von Caemmerer and Farquhar 1981.,,,,"label = key words for meta (Diver) search funtion e.g. leaf area, photosynthesis, maximum, CO2, Nitrogen"
Temperature,NA,ci_ca,,Ci/Ca,dimensionless,,Computed variable. Ratio of partial intercellular to ambient CO2 concentration.,,,,"label = key words for meta (Diver) search funtion e.g. leaf area, photosynthesis, maximum, CO2, Nitrogen"
Temperature,NA,rhsfc_surface_humidity,,RHsfc,%,,Computed variable. Surface Humidity.,,,,"label = key words for meta (Diver) search funtion e.g. leaf area, photosynthesis, maximum, CO2, Nitrogen"
Temperature,NA,c2sfc_surface_CO2,,C2sfc,_mol mol-1,,Computed variable. Surface CO2.,,,,"label = key words for meta (Diver) search funtion e.g. leaf area, photosynthesis, maximum, CO2, Nitrogen"
Temperature,NA,ahs_cs_ball_berry_parameter,,AHs/Cs,mol H2O m-2 s-1,,"Computed variable. Ball-Berry parameter. A function of function photo, leaf surface, relative humidity, leaf surface CO2 concentration, and conductance.",,,,"label = key words for meta (Diver) search funtion e.g. leaf area, photosynthesis, maximum, CO2, Nitrogen"
Temperature,,,,,,,,,,,